nombre, name, nom, iso2, iso3, phone_code, ea_name
"Afganistán","Afghanistan","Afghanistan","AF","AFG","93","Afghanistan"
"Albania","Albania","Albanie","AL","ALB","355","Albania"
"Alemania","Germany","Allemagne","DE","DEU","49","Germany"
"Andorra","Andorra","Andorra","AD","AND","376","Andorra"
"Angola","Angola","Angola","AO","AGO","244","Angola"
"Anguila","Anguilla","Anguilla","AI","AIA","1 264","Anguilla"
"Antártida","Antarctica","L'Antarctique","AQ","ATA","672","Antarctica"
"Antigua y Barbuda","Antigua and Barbuda","Antigua et Barbuda","AG","ATG","1 268","Antigua and Barbuda"
"Arabia Saudita","Saudi Arabia","Arabie Saoudite","SA","SAU","966","Saudi Arabia"
"Argelia","Algeria","Algérie","DZ","DZA","213","Algeria"
"Argentina","Argentina","Argentine","AR","ARG","54","Argentina"
"Armenia","Armenia","L'Arménie","AM","ARM","374","Armenia"
"Aruba","Aruba","Aruba","AW","ABW","297","Aruba"
"Australia","Australia","Australie","AU","AUS","61","Australia"
"Austria","Austria","Autriche","AT","AUT","43","Austria"
"Azerbaiyán","Azerbaijan","L'Azerbaïdjan","AZ","AZE","994","Azerbaijan"
"Bélgica","Belgium","Belgique","BE","BEL","32","Belgium"
"Bahamas","Bahamas","Bahamas","BS","BHS","1 242","Bahamas"
"Bahrein","Bahrain","Bahreïn","BH","BHR","973","Bahrain"
"Bangladesh","Bangladesh","Bangladesh","BD","BGD","880","Bangladesh"
"Barbados","Barbados","Barbade","BB","BRB","1 246","Barbados"
"Belice","Belize","Belize","BZ","BLZ","501","Belize"
"Benín","Benin","Bénin","BJ","BEN","229","Benin"
"Bhután","Bhutan","Le Bhoutan","BT","BTN","975","Bhutan"
"Bielorrusia","Belarus","Biélorussie","BY","BLR","375","Belarus"
"Birmania","Myanmar","Myanmar","MM","MMR","95","Myanmar"
"Bolivia","Bolivia","Bolivie","BO","BOL","591","Bolivia"
"Bosnia y Herzegovina","Bosnia and Herzegovina","Bosnie-Herzégovine","BA","BIH","387","Bosnia and Herzegovina"
"Botsuana","Botswana","Botswana","BW","BWA","267","Botswana"
"Brasil","Brazil","Brésil","BR","BRA","55","Brazil"
"Brunéi","Brunei","Brunei","BN","BRN","673","Brunei"
"Bulgaria","Bulgaria","Bulgarie","BG","BGR","359","Bulgaria"
"Burkina Faso","Burkina Faso","Burkina Faso","BF","BFA","226","Burkina Faso"
"Burundi","Burundi","Burundi","BI","BDI","257","Burundi"
"Cabo Verde","Cape Verde","Cap-Vert","CV","CPV","238","Cape Verde Islands"
"Camboya","Cambodia","Cambodge","KH","KHM","855","Cambodia"
"Camerún","Cameroon","Cameroun","CM","CMR","237","Cameroon"
"Canadá","Canada","Canada","CA","CAN","1","Canada"
"Chad","Chad","Tchad","TD","TCD","235","Chad"
"Chile","Chile","Chili","CL","CHL","56","Chile"
"China","China","Chine","CN","CHN","86","China PR"
"Chipre","Cyprus","Chypre","CY","CYP","357","Cyprus"
"Ciudad del Vaticano","Vatican City State","Cité du Vatican","VA","VAT","39","Vatican City"
"Colombia","Colombia","Colombie","CO","COL","57","Colombia"
"Comoras","Comoros","Comores","KM","COM","269","Comoros"
"República del Congo","Republic of the Congo","République du Congo","CG","COG","242","Congo"
"República Democrática del Congo","Democratic Republic of the Congo","République démocratique du Congo","CD","COD","243","Congo DR"
"Corea del Norte","North Korea","Corée du Nord","KP","PRK","850","Korea DPR"
"Corea del Sur","South Korea","Corée du Sud","KR","KOR","82","Korea Republic"
"Costa de Marfil","Ivory Coast","Côte-d'Ivoire","CI","CIV","225","Côte d'Ivoire"
"Costa Rica","Costa Rica","Costa Rica","CR","CRI","506","Costa Rica"
"Croacia","Croatia","Croatie","HR","HRV","385","Croatia"
"Cuba","Cuba","Cuba","CU","CUB","53","Cuba"
"Curazao","Curaçao","Curaçao","CW","CWU","5999","Curaçao"
"Dinamarca","Denmark","Danemark","DK","DNK","45","Denmark"
"Dominica","Dominica","Dominique","DM","DMA","1 767","Dominica"
"Ecuador","Ecuador","Equateur","EC","ECU","593","Ecuador"
"Egipto","Egypt","Egypte","EG","EGY","20","Egypt"
"El Salvador","El Salvador","El Salvador","SV","SLV","503","El Salvador"
"Emiratos Árabes Unidos","United Arab Emirates","Emirats Arabes Unis","AE","ARE","971","United Arab Emirates"
"Eritrea","Eritrea","Erythrée","ER","ERI","291","Eritrea"
"Eslovaquia","Slovakia","Slovaquie","SK","SVK","421","Slovakia"
"Eslovenia","Slovenia","Slovénie","SI","SVN","386","Slovenia"
"España","Spain","Espagne","ES","ESP","34","Spain"
"Estados Unidos de América","United States of America","États-Unis d'Amérique","US","USA","1","United States"
"Estonia","Estonia","L'Estonie","EE","EST","372","Estonia"
"Etiopía","Ethiopia","Ethiopie","ET","ETH","251","Ethiopia"
"Filipinas","Philippines","Philippines","PH","PHL","63","Philippines"
"Finlandia","Finland","Finlande","FI","FIN","358","Finland"
"Fiyi","Fiji","Fidji","FJ","FJI","679","Fiji"
"Francia","France","France","FR","FRA","33","France"
"Gabón","Gabon","Gabon","GA","GAB","241","Gabon"
"Gambia","Gambia","Gambie","GM","GMB","220","Gambia"
"Georgia","Georgia","Géorgie","GE","GEO","995","Georgia"
"Ghana","Ghana","Ghana","GH","GHA","233","Ghana"
"Gibraltar","Gibraltar","Gibraltar","GI","GIB","350","Gibraltar"
"Granada","Grenada","Grenade","GD","GRD","1 473","Grenada"
"Grecia","Greece","Grèce","GR","GRC","30","Greece"
"Groenlandia","Greenland","Groenland","GL","GRL","299","Greenland"
"Guadalupe","Guadeloupe","Guadeloupe","GP","GLP","590","Guadeloupe"
"Guam","Guam","Guam","GU","GUM","1 671","Guam"
"Guatemala","Guatemala","Guatemala","GT","GTM","502","Guatemala"
"Guayana Francesa","French Guiana","Guyane française","GF","GUF","594","French Guiana"
"Guernsey","Guernsey","Guernesey","GG","GGY","44","Guernsey"
"Guinea","Guinea","Guinée","GN","GIN","224","Guinea"
"Guinea Ecuatorial","Equatorial Guinea","Guinée Equatoriale","GQ","GNQ","240","Equatorial Guinea"
"Guinea-Bissau","Guinea-Bissau","Guinée-Bissau","GW","GNB","245","Guinea-Bissau"
"Guyana","Guyana","Guyane","GY","GUY","592","Guyana"
"Haití","Haiti","Haïti","HT","HTI","509","Haiti"
"Honduras","Honduras","Honduras","HN","HND","504","Honduras"
"Hong kong","Hong Kong","Hong Kong","HK","HKG","852","Hong Kong"
"Hungría","Hungary","Hongrie","HU","HUN","36","Hungary"
"India","India","Inde","IN","IND","91","India"
"Indonesia","Indonesia","Indonésie","ID","IDN","62","Indonesia"
"Irán","Iran","Iran","IR","IRN","98","Iran"
"Irak","Iraq","Irak","IQ","IRQ","964","Iraq"
"Irlanda","Ireland","Irlande","IE","IRL","353","Republic of Ireland"
"Isla Bouvet","Bouvet Island","Bouvet Island","BV","BVT","","Bouvet Island"
"Isla de Man","Isle of Man","Ile de Man","IM","IMN","44","Isle of Man"
"Isla de Navidad","Christmas Island","Christmas Island","CX","CXR","61","Christmas Island"
"Isla Norfolk","Norfolk Island","Île de Norfolk","NF","NFK","672","Norfolk Island"
"Islandia","Iceland","Islande","IS","ISL","354","Iceland"
"Islas Bermudas","Bermuda Islands","Bermudes","BM","BMU","1 441","Bermuda"
"Islas Caimán","Cayman Islands","Iles Caïmans","KY","CYM","1 345","Cayman Islands"
"Islas Cocos (Keeling)","Cocos (Keeling) Islands","Cocos (Keeling","CC","CCK","61","Cocos (Keeling) Islands"
"Islas Cook","Cook Islands","Iles Cook","CK","COK","682","Cook Islands"
"Islas de Åland","Åland Islands","Îles Åland","AX","ALA","358","Åland Islands"
"Islas Feroe","Faroe Islands","Iles Féro","FO","FRO","298","Faroe Islands"
"Islas Georgias del Sur y Sandwich del Sur","South Georgia and the South Sandwich Islands","Géorgie du Sud et les Îles Sandwich du Sud","GS","SGS","500","South Georgia and the South Sandwich Islands"
"Islas Heard y McDonald","Heard Island and McDonald Islands","Les îles Heard et McDonald","HM","HMD","","Heard Island and McDonald Islands"
"Islas Maldivas","Maldives","Maldives","MV","MDV","960","Maldives"
"Islas Malvinas","Falkland Islands (Malvinas)","Iles Falkland (Malvinas","FK","FLK","500","Falkland Islands (Malvinas)"
"Islas Marianas del Norte","Northern Mariana Islands","Iles Mariannes du Nord","MP","MNP","1 670","Northern Mariana Islands"
"Islas Marshall","Marshall Islands","Iles Marshall","MH","MHL","692","Marshall Islands"
"Islas Pitcairn","Pitcairn Islands","Iles Pitcairn","PN","PCN","870","Pitcairn Islands"
"Islas Salomón","Solomon Islands","Iles Salomon","SB","SLB","677","Solomon Islands"
"Islas Turcas y Caicos","Turks and Caicos Islands","Iles Turques et Caïques","TC","TCA","1 649","Turks and Caicos Islands"
"Islas Ultramarinas Menores de Estados Unidos","United States Minor Outlying Islands","États-Unis Îles mineures éloignées","UM","UMI","246","United States Minor Outlying Islands"
"Islas Vírgenes Británicas","Virgin Islands","Iles Vierges","VG","VGB","1 284","British Virgin Islands"
"Islas Vírgenes de los Estados Unidos","United States Virgin Islands","Îles Vierges américaines","VI","VIR","1 340","United States Virgin Islands"
"Israel","Israel","Israël","IL","ISR","972","Israel"
"Italia","Italy","Italie","IT","ITA","39","Italy"
"Jamaica","Jamaica","Jamaïque","JM","JAM","1 876","Jamaica"
"Japón","Japan","Japon","JP","JPN","81","Japan"
"Jersey","Jersey","Maillot","JE","JEY","44","Jersey"
"Jordania","Jordan","Jordan","JO","JOR","962","Jordan"
"Kazajistán","Kazakhstan","Le Kazakhstan","KZ","KAZ","7","Kazakhstan"
"Kenia","Kenya","Kenya","KE","KEN","254","Kenya"
"Kirguistán","Kyrgyzstan","Kirghizstan","KG","KGZ","996","Kyrgyzstan"
"Kiribati","Kiribati","Kiribati","KI","KIR","686","Kiribati"
"Kosovo","Kosovo","Kosovo","XK","XKX","383","Kosovo"
"Kuwait","Kuwait","Koweït","KW","KWT","965","Kuwait"
"Líbano","Lebanon","Liban","LB","LBN","961","Lebanon"
"Laos","Laos","Laos","LA","LAO","856","Laos"
"Lesoto","Lesotho","Lesotho","LS","LSO","266","Lesotho"
"Letonia","Latvia","La Lettonie","LV","LVA","371","Latvia"
"Liberia","Liberia","Liberia","LR","LBR","231","Liberia"
"Libia","Libya","Libye","LY","LBY","218","Libya"
"Liechtenstein","Liechtenstein","Liechtenstein","LI","LIE","423","Liechtenstein"
"Lituania","Lithuania","La Lituanie","LT","LTU","370","Lithuania"
"Luxemburgo","Luxembourg","Luxembourg","LU","LUX","352","Luxembourg"
"México","Mexico","Mexique","MX","MEX","52","Mexico"
"Mónaco","Monaco","Monaco","MC","MCO","377","Monaco"
"Macao","Macao","Macao","MO","MAC","853","Macao"
"Macedônia","Macedonia","Macédoine","MK","MKD","389","North Macedonia"
"Madagascar","Madagascar","Madagascar","MG","MDG","261","Madagascar"
"Malasia","Malaysia","Malaisie","MY","MYS","60","Malaysia"
"Malawi","Malawi","Malawi","MW","MWI","265","Malawi"
"Mali","Mali","Mali","ML","MLI","223","Mali"
"Malta","Malta","Malte","MT","MLT","356","Malta"
"Marruecos","Morocco","Maroc","MA","MAR","212","Morocco"
"Martinica","Martinique","Martinique","MQ","MTQ","596","Martinique"
"Mauricio","Mauritius","Iles Maurice","MU","MUS","230","Mauritius"
"Mauritania","Mauritania","Mauritanie","MR","MRT","222","Mauritania"
"Mayotte","Mayotte","Mayotte","YT","MYT","262","Mayotte"
"Micronesia","Estados Federados de","Federados Estados de","FM","FSM","691","Micronesia"
"Moldavia","Moldova","Moldavie","MD","MDA","373","Moldova"
"Mongolia","Mongolia","Mongolie","MN","MNG","976","Mongolia"
"Montenegro","Montenegro","Monténégro","ME","MNE","382","Montenegro"
"Montserrat","Montserrat","Montserrat","MS","MSR","1 664","Montserrat"
"Mozambique","Mozambique","Mozambique","MZ","MOZ","258","Mozambique"
"Namibia","Namibia","Namibie","NA","NAM","264","Namibia"
"Nauru","Nauru","Nauru","NR","NRU","674","Nauru"
"Nepal","Nepal","Népal","NP","NPL","977","Nepal"
"Nicaragua","Nicaragua","Nicaragua","NI","NIC","505","Nicaragua"
"Niger","Niger","Niger","NE","NER","227","Niger"
"Nigeria","Nigeria","Nigeria","NG","NGA","234","Nigeria"
"Niue","Niue","Niou","NU","NIU","683","Niue"
"Noruega","Norway","Norvège","NO","NOR","47","Norway"
"Nueva Caledonia","New Caledonia","Nouvelle-Calédonie","NC","NCL","687","New Caledonia"
"Nueva Zelanda","New Zealand","Nouvelle-Zélande","NZ","NZL","64","New Zealand"
"Omán","Oman","Oman","OM","OMN","968","Oman"
"Países Bajos","Netherlands","Pays-Bas","NL","NLD","31","Holland"
"Pakistán","Pakistan","Pakistan","PK","PAK","92","Pakistan"
"Palau","Palau","Palau","PW","PLW","680","Palau"
"Palestina","Palestine","La Palestine","PS","PSE","970","Palestine"
"Panamá","Panama","Panama","PA","PAN","507","Panama"
"Papúa Nueva Guinea","Papua New Guinea","Papouasie-Nouvelle-Guinée","PG","PNG","675","Papua New Guinea"
"Paraguay","Paraguay","Paraguay","PY","PRY","595","Paraguay"
"Perú","Peru","Pérou","PE","PER","51","Peru"
"Polinesia Francesa","French Polynesia","Polynésie française","PF","PYF","689","French Polynesia"
"Polonia","Poland","Pologne","PL","POL","48","Poland"
"Portugal","Portugal","Portugal","PT","PRT","351","Portugal"
"Puerto Rico","Puerto Rico","Porto Rico","PR","PRI","1","Puerto Rico"
"Qatar","Qatar","Qatar","QA","QAT","974","Qatar"
"Reino Unido","United Kingdom","Royaume-Uni","GB","GBR","44","United Kingdom"
"República Centroafricana","Central African Republic","République Centrafricaine","CF","CAF","236","Central African Republic"
"República Checa","Czech Republic","République Tchèque","CZ","CZE","420","Czech Republic"
"República Dominicana","Dominican Republic","République Dominicaine","DO","DOM","1 809","Dominican Republic"
"República de Sudán del Sur","South Sudan","Soudan du Sud","SS","SSD","211","South Sudan"
"Reunión","Réunion","Réunion","RE","REU","262","Réunion"
"Ruanda","Rwanda","Rwanda","RW","RWA","250","Rwanda"
"Rumanía","Romania","Roumanie","RO","ROU","40","Romania"
"Rusia","Russia","La Russie","RU","RUS","7","Russia"
"Sahara Occidental","Western Sahara","Sahara Occidental","EH","ESH","212","Western Sahara"
"Samoa","Samoa","Samoa","WS","WSM","685","Samoa"
"Samoa Americana","American Samoa","Les Samoa américaines","AS","ASM","1 684","American Samoa"
"San Bartolomé","Saint Barthélemy","Saint-Barthélemy","BL","BLM","590","Saint Barthélemy"
"San Cristóbal y Nieves","Saint Kitts and Nevis","Saint Kitts et Nevis","KN","KNA","1 869","St. Kitts and Nevis"
"San Marino","San Marino","San Marino","SM","SMR","378","San Marino"
"San Martín (Francia)","Saint Martin (French part)","Saint-Martin (partie française)","MF","MAF","1 599","Saint Martin (French part)"
"San Pedro y Miquelón","Saint Pierre and Miquelon","Saint-Pierre-et-Miquelon","PM","SPM","508","Saint Pierre and Miquelon"
"San Vicente y las Granadinas","Saint Vincent and the Grenadines","Saint-Vincent et Grenadines","VC","VCT","1 784","Saint Vincent and the Grenadines"
"Santa Elena","Ascensión y Tristán de Acuña","Ascensión y Tristan de Acuña","SH","SHN","290","Ascensión y Tristán de Acuña"
"Santa Lucía","Saint Lucia","Sainte-Lucie","LC","LCA","1 758","St. Lucia"
"Santo Tomé y Príncipe","Sao Tome and Principe","Sao Tomé et Principe","ST","STP","239","São Tomé e Príncipe"
"Senegal","Senegal","Sénégal","SN","SEN","221","Senegal"
"Serbia","Serbia","Serbie","RS","SRB","381","Serbia"
"Seychelles","Seychelles","Les Seychelles","SC","SYC","248","Seychelles"
"Sierra Leona","Sierra Leone","Sierra Leone","SL","SLE","232","Sierra Leone"
"Singapur","Singapore","Singapour","SG","SGP","65","Singapore"
"Sint Maarten","Sint Maarten","Saint-Martin","SX","SMX","1 721","Sint Maarten"
"Siria","Syria","Syrie","SY","SYR","963","Syria"
"Somalia","Somalia","Somalie","SO","SOM","252","Somalia"
"Sri lanka","Sri Lanka","Sri Lanka","LK","LKA","94","Sri Lanka"
"Sudáfrica","South Africa","Afrique du Sud","ZA","ZAF","27","South Africa"
"Sudán","Sudan","Soudan","SD","SDN","249","Sudan"
"Suecia","Sweden","Suède","SE","SWE","46","Sweden"
"Suiza","Switzerland","Suisse","CH","CHE","41","Switzerland"
"Surinám","Suriname","Surinam","SR","SUR","597","Suriname"
"Svalbard y Jan Mayen","Svalbard and Jan Mayen","Svalbard et Jan Mayen","SJ","SJM","47","Svalbard and Jan Mayen"
"Swazilandia","Swaziland","Swaziland","SZ","SWZ","268","Swaziland"
"Tayikistán","Tajikistan","Le Tadjikistan","TJ","TJK","992","Tajikistan"
"Tailandia","Thailand","Thaïlande","TH","THA","66","Thailand"
"Taiwán","Taiwan","Taiwan","TW","TWN","886","Chinese Taipei"
"Tanzania","Tanzania","Tanzanie","TZ","TZA","255","Tanzania"
"Territorio Británico del Océano Índico","British Indian Ocean Territory","Territoire britannique de l'océan Indien","IO","IOT","246","British Indian Ocean Territory"
"Territorios Australes y Antárticas Franceses","French Southern Territories","Terres australes françaises","TF","ATF","","French Southern Territories"
"Timor Oriental","East Timor","Timor-Oriental","TL","TLS","670","East Timor"
"Togo","Togo","Togo","TG","TGO","228","Togo"
"Tokelau","Tokelau","Tokélaou","TK","TKL","690","Tokelau"
"Tonga","Tonga","Tonga","TO","TON","676","Tonga"
"Trinidad y Tobago","Trinidad and Tobago","Trinidad et Tobago","TT","TTO","1 868","Trinidad and Tobago"
"Tunez","Tunisia","Tunisie","TN","TUN","216","Tunisia"
"Turkmenistán","Turkmenistan","Le Turkménistan","TM","TKM","993","Turkmenistan"
"Turquía","Turkey","Turquie","TR","TUR","90","Turkey"
"Tuvalu","Tuvalu","Tuvalu","TV","TUV","688","Tuvalu"
"Ucrania","Ukraine","L'Ukraine","UA","UKR","380","Ukraine"
"Uganda","Uganda","Ouganda","UG","UGA","256","Uganda"
"Uruguay","Uruguay","Uruguay","UY","URY","598","Uruguay"
"Uzbekistán","Uzbekistan","L'Ouzbékistan","UZ","UZB","998","Uzbekistan"
"Vanuatu","Vanuatu","Vanuatu","VU","VUT","678","Vanuatu"
"Venezuela","Venezuela","Venezuela","VE","VEN","58","Venezuela"
"Vietnam","Vietnam","Vietnam","VN","VNM","84","Vietnam"
"Wallis y Futuna","Wallis and Futuna","Wallis et Futuna","WF","WLF","681","Wallis and Futuna"
"Yemen","Yemen","Yémen","YE","YEM","967","Yemen"
"Yibuti","Djibouti","Djibouti","DJ","DJI","253","Djibouti"
"Zambia","Zambia","Zambie","ZM","ZMB","260","Zambia"
"Zimbabue","Zimbabwe","Zimbabwe","ZW","ZWE","263","Zimbabwe"
"Inglaterra","England","Angleterre","","ENG","44","England"
"Escocia","Scotland","Écosse","","SCO","44","Scotland"
"Gales","Wales","Pays de Galles","","WAL","44","Wales"
"Irlanda del Norte","Northern Ireland","Irlande du Nord","","NIR","44","Northern Ireland"